Customer_ID,Customer_Name,Gender,City,Age_Group
C00001,Customer 1,Male,Kano,18-25
C00002,Customer 2,Male,Ibadan,36-45
C00003,Customer 3,Female,Abuja,36-45
C00004,Customer 4,Male,Port Harcourt,46-60
C00005,Customer 5,Male,Enugu,36-45
C00006,Customer 6,Female,Port Harcourt,18-25
C00007,Customer 7,Male,Ibadan,18-25
C00008,Customer 8,Male,Kano,26-35
C00009,Customer 9,Female,Abuja,36-45
C00010,Customer 10,Male,Abuja,36-45
C00011,Customer 11,Female,Abuja,46-60
C00012,Customer 12,Female,Kano,18-25
C00013,Customer 13,Female,Enugu,18-25
C00014,Customer 14,Male,Port Harcourt,18-25
C00015,Customer 15,Male,Enugu,26-35
C00016,Customer 16,Female,Port Harcourt,26-35
C00017,Customer 17,Female,Abuja,36-45
C00018,Customer 18,Female,Port Harcourt,18-25
C00019,Customer 19,Male,Enugu,46-60
C00020,Customer 20,Female,Lagos,18-25
C00021,Customer 21,Female,Abuja,36-45
C00022,Customer 22,Male,Enugu,46-60
C00023,Customer 23,Female,Kano,18-25
C00024,Customer 24,Male,Lagos,26-35
C00025,Customer 25,Male,Port Harcourt,26-35
C00026,Customer 26,Female,Abuja,18-25
C00027,Customer 27,Female,Port Harcourt,18-25
C00028,Customer 28,Female,Abuja,26-35
C00029,Customer 29,Male,Port Harcourt,46-60
C00030,Customer 30,Male,Abuja,26-35
C00031,Customer 31,Male,Ibadan,18-25
C00032,Customer 32,Male,Enugu,36-45
C00033,Customer 33,Female,Enugu,26-35
C00034,Customer 34,Female,Abuja,18-25
C00035,Customer 35,Female,Lagos,46-60
C00036,Customer 36,Male,Abuja,46-60
C00037,Customer 37,Female,Port Harcourt,26-35
C00038,Customer 38,Male,Lagos,26-35
C00039,Customer 39,Female,Port Harcourt,36-45
C00040,Customer 40,Male,Port Harcourt,36-45
C00041,Customer 41,Female,Enugu,36-45
C00042,Customer 42,Male,Lagos,36-45
C00043,Customer 43,Male,Kano,36-45
C00044,Customer 44,Male,Lagos,46-60
C00045,Customer 45,Female,Enugu,36-45
C00046,Customer 46,Female,Kano,18-25
C00047,Customer 47,Female,Kano,26-35
C00048,Customer 48,Female,Lagos,46-60
C00049,Customer 49,Male,Kano,26-35
C00050,Customer 50,Female,Ibadan,18-25
C00051,Customer 51,Female,Kano,36-45
C00052,Customer 52,Male,Enugu,36-45
C00053,Customer 53,Female,Enugu,46-60
C00054,Customer 54,Female,Ibadan,36-45
C00055,Customer 55,Male,Abuja,46-60
C00056,Customer 56,Female,Enugu,26-35
C00057,Customer 57,Female,Ibadan,18-25
C00058,Customer 58,Female,Port Harcourt,26-35
C00059,Customer 59,Female,Kano,36-45
C00060,Customer 60,Female,Ibadan,46-60
C00061,Customer 61,Male,Kano,46-60
C00062,Customer 62,Male,Enugu,18-25
C00063,Customer 63,Female,Kano,36-45
C00064,Customer 64,Male,Abuja,36-45
C00065,Customer 65,Male,Abuja,26-35
C00066,Customer 66,Male,Lagos,26-35
C00067,Customer 67,Female,Kano,18-25
C00068,Customer 68,Female,Ibadan,26-35
C00069,Customer 69,Female,Ibadan,46-60
C00070,Customer 70,Male,Abuja,18-25
C00071,Customer 71,Male,Ibadan,26-35
C00072,Customer 72,Male,Enugu,46-60
C00073,Customer 73,Male,Kano,26-35
C00074,Customer 74,Male,Ibadan,26-35
C00075,Customer 75,Female,Enugu,36-45
C00076,Customer 76,Female,Kano,46-60
C00077,Customer 77,Female,Abuja,46-60
C00078,Customer 78,Female,Port Harcourt,26-35
C00079,Customer 79,Female,Kano,46-60
C00080,Customer 80,Male,Port Harcourt,46-60
C00081,Customer 81,Male,Enugu,36-45
C00082,Customer 82,Male,Port Harcourt,36-45
C00083,Customer 83,Female,Kano,18-25
C00084,Customer 84,Male,Abuja,26-35
C00085,Customer 85,Female,Enugu,26-35
C00086,Customer 86,Male,Lagos,46-60
C00087,Customer 87,Female,Port Harcourt,46-60
C00088,Customer 88,Female,Lagos,26-35
C00089,Customer 89,Female,Ibadan,18-25
C00090,Customer 90,Female,Ibadan,18-25
C00091,Customer 91,Female,Port Harcourt,46-60
C00092,Customer 92,Female,Kano,26-35
C00093,Customer 93,Female,Abuja,36-45
C00094,Customer 94,Female,Ibadan,18-25
C00095,Customer 95,Female,Port Harcourt,46-60
C00096,Customer 96,Male,Ibadan,26-35
C00097,Customer 97,Male,Ibadan,18-25
C00098,Customer 98,Male,Enugu,46-60
C00099,Customer 99,Male,Ibadan,26-35
C00100,Customer 100,Male,Port Harcourt,46-60
C00101,Customer 101,Female,Abuja,46-60
C00102,Customer 102,Female,Port Harcourt,46-60
C00103,Customer 103,Female,Ibadan,36-45
C00104,Customer 104,Male,Ibadan,18-25
C00105,Customer 105,Male,Port Harcourt,26-35
C00106,Customer 106,Male,Enugu,18-25
C00107,Customer 107,Male,Abuja,26-35
C00108,Customer 108,Male,Kano,26-35
C00109,Customer 109,Male,Abuja,46-60
C00110,Customer 110,Male,Kano,26-35
C00111,Customer 111,Female,Enugu,36-45
C00112,Customer 112,Female,Abuja,18-25
C00113,Customer 113,Male,Port Harcourt,18-25
C00114,Customer 114,Male,Port Harcourt,46-60
C00115,Customer 115,Female,Enugu,26-35
C00116,Customer 116,Male,Kano,26-35
C00117,Customer 117,Male,Enugu,36-45
C00118,Customer 118,Male,Kano,18-25
C00119,Customer 119,Female,Kano,46-60
C00120,Customer 120,Female,Lagos,36-45
C00121,Customer 121,Male,Ibadan,46-60
C00122,Customer 122,Male,Ibadan,36-45
C00123,Customer 123,Female,Enugu,26-35
C00124,Customer 124,Female,Abuja,36-45
C00125,Customer 125,Female,Ibadan,46-60
C00126,Customer 126,Female,Port Harcourt,26-35
C00127,Customer 127,Male,Port Harcourt,46-60
C00128,Customer 128,Male,Ibadan,46-60
C00129,Customer 129,Female,Lagos,46-60
C00130,Customer 130,Female,Abuja,46-60
C00131,Customer 131,Male,Port Harcourt,36-45
C00132,Customer 132,Female,Port Harcourt,36-45
C00133,Customer 133,Male,Kano,26-35
C00134,Customer 134,Male,Abuja,46-60
C00135,Customer 135,Female,Kano,26-35
C00136,Customer 136,Female,Enugu,46-60
C00137,Customer 137,Female,Lagos,18-25
C00138,Customer 138,Female,Abuja,46-60
C00139,Customer 139,Male,Port Harcourt,36-45
C00140,Customer 140,Female,Kano,36-45
C00141,Customer 141,Female,Enugu,36-45
C00142,Customer 142,Female,Enugu,46-60
C00143,Customer 143,Female,Port Harcourt,36-45
C00144,Customer 144,Male,Lagos,26-35
C00145,Customer 145,Female,Lagos,26-35
C00146,Customer 146,Male,Abuja,46-60
C00147,Customer 147,Female,Enugu,36-45
C00148,Customer 148,Male,Abuja,36-45
C00149,Customer 149,Male,Port Harcourt,26-35
C00150,Customer 150,Female,Lagos,26-35
C00151,Customer 151,Female,Lagos,18-25
C00152,Customer 152,Female,Enugu,26-35
C00153,Customer 153,Female,Lagos,18-25
C00154,Customer 154,Female,Ibadan,46-60
C00155,Customer 155,Female,Port Harcourt,26-35
C00156,Customer 156,Male,Port Harcourt,46-60
C00157,Customer 157,Male,Lagos,46-60
C00158,Customer 158,Female,Lagos,18-25
C00159,Customer 159,Male,Abuja,36-45
C00160,Customer 160,Male,Abuja,18-25
C00161,Customer 161,Female,Kano,26-35
C00162,Customer 162,Female,Ibadan,46-60
C00163,Customer 163,Female,Kano,46-60
C00164,Customer 164,Female,Kano,18-25
C00165,Customer 165,Male,Abuja,26-35
C00166,Customer 166,Female,Enugu,18-25
C00167,Customer 167,Male,Abuja,26-35
C00168,Customer 168,Male,Abuja,18-25
C00169,Customer 169,Female,Ibadan,46-60
C00170,Customer 170,Female,Lagos,26-35
C00171,Customer 171,Female,Enugu,36-45
C00172,Customer 172,Female,Lagos,26-35
C00173,Customer 173,Female,Enugu,26-35
C00174,Customer 174,Female,Lagos,26-35
C00175,Customer 175,Male,Port Harcourt,26-35
C00176,Customer 176,Male,Lagos,26-35
C00177,Customer 177,Female,Kano,36-45
C00178,Customer 178,Female,Lagos,46-60
C00179,Customer 179,Female,Enugu,46-60
C00180,Customer 180,Female,Kano,46-60
C00181,Customer 181,Female,Lagos,18-25
C00182,Customer 182,Female,Enugu,36-45
C00183,Customer 183,Female,Lagos,18-25
C00184,Customer 184,Male,Enugu,18-25
C00185,Customer 185,Female,Kano,18-25
C00186,Customer 186,Male,Ibadan,46-60
C00187,Customer 187,Female,Abuja,46-60
C00188,Customer 188,Female,Lagos,46-60
C00189,Customer 189,Female,Ibadan,36-45
C00190,Customer 190,Female,Enugu,18-25
C00191,Customer 191,Male,Port Harcourt,46-60
C00192,Customer 192,Female,Port Harcourt,46-60
C00193,Customer 193,Male,Ibadan,18-25
C00194,Customer 194,Female,Port Harcourt,36-45
C00195,Customer 195,Male,Ibadan,18-25
C00196,Customer 196,Female,Ibadan,18-25
C00197,Customer 197,Male,Kano,36-45
C00198,Customer 198,Female,Enugu,46-60
C00199,Customer 199,Male,Abuja,36-45
C00200,Customer 200,Male,Port Harcourt,46-60
C00201,Customer 201,Female,Lagos,18-25
C00202,Customer 202,Male,Enugu,26-35
C00203,Customer 203,Female,Kano,18-25
C00204,Customer 204,Female,Lagos,26-35
C00205,Customer 205,Male,Ibadan,18-25
C00206,Customer 206,Male,Ibadan,36-45
C00207,Customer 207,Female,Ibadan,46-60
C00208,Customer 208,Female,Abuja,46-60
C00209,Customer 209,Male,Ibadan,26-35
C00210,Customer 210,Male,Lagos,36-45
C00211,Customer 211,Female,Port Harcourt,36-45
C00212,Customer 212,Male,Port Harcourt,36-45
C00213,Customer 213,Female,Abuja,46-60
C00214,Customer 214,Female,Port Harcourt,36-45
C00215,Customer 215,Female,Ibadan,36-45
C00216,Customer 216,Male,Enugu,26-35
C00217,Customer 217,Female,Abuja,46-60
C00218,Customer 218,Male,Port Harcourt,46-60
C00219,Customer 219,Female,Ibadan,26-35
C00220,Customer 220,Female,Lagos,26-35
C00221,Customer 221,Female,Lagos,46-60
C00222,Customer 222,Male,Kano,46-60
C00223,Customer 223,Male,Enugu,26-35
C00224,Customer 224,Female,Enugu,26-35
C00225,Customer 225,Male,Ibadan,36-45
C00226,Customer 226,Female,Kano,46-60
C00227,Customer 227,Male,Port Harcourt,46-60
C00228,Customer 228,Female,Enugu,46-60
C00229,Customer 229,Male,Kano,18-25
C00230,Customer 230,Male,Enugu,36-45
C00231,Customer 231,Male,Enugu,18-25
C00232,Customer 232,Female,Lagos,18-25
C00233,Customer 233,Female,Abuja,36-45
C00234,Customer 234,Male,Lagos,36-45
C00235,Customer 235,Male,Port Harcourt,36-45
C00236,Customer 236,Female,Ibadan,26-35
C00237,Customer 237,Male,Kano,46-60
C00238,Customer 238,Male,Abuja,26-35
C00239,Customer 239,Male,Kano,46-60
C00240,Customer 240,Male,Ibadan,26-35
C00241,Customer 241,Male,Ibadan,36-45
C00242,Customer 242,Female,Port Harcourt,18-25
C00243,Customer 243,Female,Port Harcourt,26-35
C00244,Customer 244,Male,Ibadan,36-45
C00245,Customer 245,Female,Enugu,46-60
C00246,Customer 246,Female,Ibadan,36-45
C00247,Customer 247,Male,Ibadan,46-60
C00248,Customer 248,Male,Abuja,46-60
C00249,Customer 249,Female,Kano,36-45
C00250,Customer 250,Female,Lagos,46-60
C00251,Customer 251,Female,Lagos,18-25
C00252,Customer 252,Female,Port Harcourt,26-35
C00253,Customer 253,Female,Abuja,26-35
C00254,Customer 254,Female,Enugu,26-35
C00255,Customer 255,Male,Enugu,18-25
C00256,Customer 256,Female,Ibadan,18-25
C00257,Customer 257,Female,Enugu,26-35
C00258,Customer 258,Male,Port Harcourt,36-45
C00259,Customer 259,Female,Abuja,26-35
C00260,Customer 260,Male,Kano,36-45
C00261,Customer 261,Female,Abuja,36-45
C00262,Customer 262,Female,Port Harcourt,36-45
C00263,Customer 263,Male,Ibadan,18-25
C00264,Customer 264,Male,Abuja,46-60
C00265,Customer 265,Female,Lagos,46-60
C00266,Customer 266,Male,Port Harcourt,18-25
C00267,Customer 267,Female,Port Harcourt,36-45
C00268,Customer 268,Female,Enugu,36-45
C00269,Customer 269,Male,Enugu,26-35
C00270,Customer 270,Female,Lagos,36-45
C00271,Customer 271,Male,Enugu,18-25
C00272,Customer 272,Female,Enugu,36-45
C00273,Customer 273,Female,Lagos,26-35
C00274,Customer 274,Male,Lagos,36-45
C00275,Customer 275,Female,Lagos,18-25
C00276,Customer 276,Male,Kano,26-35
C00277,Customer 277,Female,Ibadan,36-45
C00278,Customer 278,Female,Kano,26-35
C00279,Customer 279,Female,Enugu,18-25
C00280,Customer 280,Female,Kano,46-60
C00281,Customer 281,Female,Lagos,36-45
C00282,Customer 282,Male,Ibadan,46-60
C00283,Customer 283,Male,Port Harcourt,18-25
C00284,Customer 284,Female,Kano,36-45
C00285,Customer 285,Male,Ibadan,36-45
C00286,Customer 286,Male,Lagos,46-60
C00287,Customer 287,Male,Enugu,26-35
C00288,Customer 288,Male,Lagos,36-45
C00289,Customer 289,Male,Abuja,26-35
C00290,Customer 290,Male,Kano,26-35
C00291,Customer 291,Male,Abuja,36-45
C00292,Customer 292,Male,Kano,18-25
C00293,Customer 293,Female,Abuja,26-35
C00294,Customer 294,Female,Abuja,18-25
C00295,Customer 295,Male,Abuja,18-25
C00296,Customer 296,Female,Abuja,36-45
C00297,Customer 297,Male,Abuja,36-45
C00298,Customer 298,Male,Abuja,46-60
C00299,Customer 299,Male,Enugu,18-25
C00300,Customer 300,Female,Ibadan,36-45
C00301,Customer 301,Male,Ibadan,26-35
C00302,Customer 302,Male,Enugu,36-45
C00303,Customer 303,Female,Enugu,18-25
C00304,Customer 304,Male,Ibadan,46-60
C00305,Customer 305,Female,Enugu,18-25
C00306,Customer 306,Female,Enugu,46-60
C00307,Customer 307,Male,Lagos,36-45
C00308,Customer 308,Male,Lagos,26-35
C00309,Customer 309,Female,Kano,36-45
C00310,Customer 310,Female,Kano,36-45
C00311,Customer 311,Female,Kano,46-60
C00312,Customer 312,Male,Enugu,18-25
C00313,Customer 313,Male,Ibadan,46-60
C00314,Customer 314,Male,Ibadan,36-45
C00315,Customer 315,Female,Ibadan,46-60
C00316,Customer 316,Male,Port Harcourt,46-60
C00317,Customer 317,Female,Enugu,36-45
C00318,Customer 318,Female,Abuja,46-60
C00319,Customer 319,Male,Lagos,18-25
C00320,Customer 320,Male,Ibadan,18-25
C00321,Customer 321,Female,Abuja,18-25
C00322,Customer 322,Female,Enugu,18-25
C00323,Customer 323,Female,Port Harcourt,46-60
C00324,Customer 324,Male,Port Harcourt,36-45
C00325,Customer 325,Female,Lagos,26-35
C00326,Customer 326,Male,Enugu,46-60
C00327,Customer 327,Male,Lagos,36-45
C00328,Customer 328,Female,Lagos,36-45
C00329,Customer 329,Male,Ibadan,18-25
C00330,Customer 330,Female,Lagos,26-35
C00331,Customer 331,Female,Enugu,36-45
C00332,Customer 332,Female,Port Harcourt,18-25
C00333,Customer 333,Male,Abuja,46-60
C00334,Customer 334,Male,Abuja,18-25
C00335,Customer 335,Male,Enugu,26-35
C00336,Customer 336,Female,Ibadan,46-60
C00337,Customer 337,Female,Abuja,36-45
C00338,Customer 338,Female,Enugu,36-45
C00339,Customer 339,Male,Lagos,26-35
C00340,Customer 340,Male,Kano,18-25
C00341,Customer 341,Male,Port Harcourt,46-60
C00342,Customer 342,Female,Ibadan,46-60
C00343,Customer 343,Female,Port Harcourt,26-35
C00344,Customer 344,Male,Port Harcourt,46-60
C00345,Customer 345,Male,Port Harcourt,46-60
C00346,Customer 346,Female,Lagos,26-35
C00347,Customer 347,Female,Kano,18-25
C00348,Customer 348,Male,Abuja,36-45
C00349,Customer 349,Male,Abuja,36-45
C00350,Customer 350,Female,Port Harcourt,18-25
C00351,Customer 351,Male,Ibadan,46-60
C00352,Customer 352,Male,Abuja,46-60
C00353,Customer 353,Male,Kano,36-45
C00354,Customer 354,Male,Ibadan,18-25
C00355,Customer 355,Female,Lagos,46-60
C00356,Customer 356,Male,Port Harcourt,46-60
C00357,Customer 357,Female,Enugu,46-60
C00358,Customer 358,Female,Lagos,46-60
C00359,Customer 359,Male,Port Harcourt,26-35
C00360,Customer 360,Female,Enugu,36-45
C00361,Customer 361,Male,Ibadan,18-25
C00362,Customer 362,Male,Ibadan,46-60
C00363,Customer 363,Male,Ibadan,36-45
C00364,Customer 364,Female,Abuja,36-45
C00365,Customer 365,Male,Lagos,18-25
C00366,Customer 366,Male,Port Harcourt,36-45
C00367,Customer 367,Male,Abuja,18-25
C00368,Customer 368,Male,Port Harcourt,26-35
C00369,Customer 369,Male,Kano,26-35
C00370,Customer 370,Male,Abuja,46-60
C00371,Customer 371,Female,Kano,46-60
C00372,Customer 372,Female,Enugu,36-45
C00373,Customer 373,Male,Ibadan,18-25
C00374,Customer 374,Female,Ibadan,36-45
C00375,Customer 375,Female,Kano,18-25
C00376,Customer 376,Female,Kano,18-25
C00377,Customer 377,Female,Ibadan,46-60
C00378,Customer 378,Male,Lagos,36-45
C00379,Customer 379,Female,Lagos,18-25
C00380,Customer 380,Female,Ibadan,18-25
C00381,Customer 381,Female,Kano,26-35
C00382,Customer 382,Female,Kano,46-60
C00383,Customer 383,Male,Lagos,46-60
C00384,Customer 384,Male,Port Harcourt,18-25
C00385,Customer 385,Male,Lagos,26-35
C00386,Customer 386,Female,Ibadan,26-35
C00387,Customer 387,Female,Port Harcourt,36-45
C00388,Customer 388,Female,Ibadan,36-45
C00389,Customer 389,Male,Enugu,36-45
C00390,Customer 390,Male,Port Harcourt,18-25
C00391,Customer 391,Female,Port Harcourt,36-45
C00392,Customer 392,Male,Port Harcourt,18-25
C00393,Customer 393,Male,Port Harcourt,36-45
C00394,Customer 394,Female,Abuja,18-25
C00395,Customer 395,Female,Kano,46-60
C00396,Customer 396,Female,Abuja,18-25
C00397,Customer 397,Female,Kano,36-45
C00398,Customer 398,Male,Port Harcourt,36-45
C00399,Customer 399,Male,Abuja,36-45
C00400,Customer 400,Female,Abuja,26-35
C00401,Customer 401,Male,Abuja,18-25
C00402,Customer 402,Female,Lagos,18-25
C00403,Customer 403,Female,Kano,26-35
C00404,Customer 404,Female,Abuja,26-35
C00405,Customer 405,Male,Enugu,26-35
C00406,Customer 406,Female,Lagos,46-60
C00407,Customer 407,Female,Enugu,26-35
C00408,Customer 408,Female,Kano,36-45
C00409,Customer 409,Female,Abuja,26-35
C00410,Customer 410,Female,Ibadan,26-35
C00411,Customer 411,Female,Enugu,46-60
C00412,Customer 412,Female,Port Harcourt,46-60
C00413,Customer 413,Female,Abuja,26-35
C00414,Customer 414,Male,Port Harcourt,18-25
C00415,Customer 415,Female,Port Harcourt,18-25
C00416,Customer 416,Male,Port Harcourt,18-25
C00417,Customer 417,Male,Port Harcourt,46-60
C00418,Customer 418,Male,Ibadan,18-25
C00419,Customer 419,Male,Ibadan,36-45
C00420,Customer 420,Male,Ibadan,18-25
C00421,Customer 421,Female,Kano,36-45
C00422,Customer 422,Male,Ibadan,18-25
C00423,Customer 423,Female,Abuja,18-25
C00424,Customer 424,Female,Lagos,36-45
C00425,Customer 425,Male,Abuja,18-25
C00426,Customer 426,Female,Ibadan,26-35
C00427,Customer 427,Female,Ibadan,18-25
C00428,Customer 428,Male,Lagos,36-45
C00429,Customer 429,Male,Abuja,46-60
C00430,Customer 430,Male,Port Harcourt,26-35
C00431,Customer 431,Female,Lagos,18-25
C00432,Customer 432,Male,Ibadan,46-60
C00433,Customer 433,Male,Lagos,46-60
C00434,Customer 434,Male,Enugu,26-35
C00435,Customer 435,Male,Port Harcourt,46-60
C00436,Customer 436,Male,Kano,36-45
C00437,Customer 437,Male,Kano,46-60
C00438,Customer 438,Male,Enugu,18-25
C00439,Customer 439,Female,Lagos,18-25
C00440,Customer 440,Female,Ibadan,18-25
C00441,Customer 441,Female,Port Harcourt,36-45
C00442,Customer 442,Male,Port Harcourt,18-25
C00443,Customer 443,Female,Abuja,18-25
C00444,Customer 444,Female,Abuja,18-25
C00445,Customer 445,Female,Kano,36-45
C00446,Customer 446,Male,Enugu,46-60
C00447,Customer 447,Female,Enugu,26-35
C00448,Customer 448,Male,Lagos,46-60
C00449,Customer 449,Male,Port Harcourt,26-35
C00450,Customer 450,Male,Abuja,18-25
C00451,Customer 451,Female,Port Harcourt,46-60
C00452,Customer 452,Female,Port Harcourt,18-25
C00453,Customer 453,Male,Port Harcourt,36-45
C00454,Customer 454,Male,Enugu,36-45
C00455,Customer 455,Female,Lagos,36-45
C00456,Customer 456,Female,Ibadan,46-60
C00457,Customer 457,Female,Port Harcourt,26-35
C00458,Customer 458,Female,Enugu,46-60
C00459,Customer 459,Female,Kano,36-45
C00460,Customer 460,Male,Enugu,46-60
C00461,Customer 461,Male,Ibadan,26-35
C00462,Customer 462,Female,Port Harcourt,18-25
C00463,Customer 463,Male,Port Harcourt,36-45
C00464,Customer 464,Female,Ibadan,46-60
C00465,Customer 465,Male,Enugu,46-60
C00466,Customer 466,Female,Ibadan,18-25
C00467,Customer 467,Female,Kano,46-60
C00468,Customer 468,Female,Enugu,18-25
C00469,Customer 469,Male,Enugu,46-60
C00470,Customer 470,Female,Kano,26-35
C00471,Customer 471,Male,Abuja,46-60
C00472,Customer 472,Male,Abuja,18-25
C00473,Customer 473,Male,Enugu,36-45
C00474,Customer 474,Female,Ibadan,18-25
C00475,Customer 475,Male,Enugu,46-60
C00476,Customer 476,Female,Port Harcourt,46-60
C00477,Customer 477,Male,Kano,26-35
C00478,Customer 478,Female,Ibadan,36-45
C00479,Customer 479,Female,Abuja,18-25
C00480,Customer 480,Male,Enugu,26-35
C00481,Customer 481,Female,Kano,46-60
C00482,Customer 482,Male,Port Harcourt,36-45
C00483,Customer 483,Female,Abuja,36-45
C00484,Customer 484,Female,Abuja,18-25
C00485,Customer 485,Male,Lagos,46-60
C00486,Customer 486,Male,Enugu,46-60
C00487,Customer 487,Male,Enugu,36-45
C00488,Customer 488,Female,Enugu,18-25
C00489,Customer 489,Female,Port Harcourt,26-35
C00490,Customer 490,Male,Port Harcourt,26-35
C00491,Customer 491,Male,Abuja,26-35
C00492,Customer 492,Male,Ibadan,18-25
C00493,Customer 493,Female,Kano,36-45
C00494,Customer 494,Female,Kano,26-35
C00495,Customer 495,Male,Lagos,36-45
C00496,Customer 496,Female,Enugu,46-60
C00497,Customer 497,Female,Ibadan,18-25
C00498,Customer 498,Male,Port Harcourt,18-25
C00499,Customer 499,Female,Ibadan,36-45
C00500,Customer 500,Male,Kano,26-35
C00501,Customer 501,Male,Ibadan,18-25
C00502,Customer 502,Male,Kano,26-35
C00503,Customer 503,Female,Abuja,26-35
C00504,Customer 504,Female,Enugu,26-35
C00505,Customer 505,Female,Kano,36-45
C00506,Customer 506,Male,Port Harcourt,26-35
C00507,Customer 507,Female,Abuja,36-45
C00508,Customer 508,Male,Kano,26-35
C00509,Customer 509,Male,Abuja,36-45
C00510,Customer 510,Male,Lagos,18-25
C00511,Customer 511,Male,Enugu,36-45
C00512,Customer 512,Male,Kano,46-60
C00513,Customer 513,Male,Ibadan,36-45
C00514,Customer 514,Female,Ibadan,26-35
C00515,Customer 515,Female,Port Harcourt,46-60
C00516,Customer 516,Male,Enugu,18-25
C00517,Customer 517,Male,Ibadan,46-60
C00518,Customer 518,Female,Ibadan,26-35
C00519,Customer 519,Female,Kano,26-35
C00520,Customer 520,Female,Enugu,36-45
C00521,Customer 521,Female,Ibadan,26-35
C00522,Customer 522,Female,Kano,18-25
C00523,Customer 523,Female,Abuja,46-60
C00524,Customer 524,Male,Port Harcourt,46-60
C00525,Customer 525,Male,Abuja,18-25
C00526,Customer 526,Male,Port Harcourt,46-60
C00527,Customer 527,Female,Abuja,26-35
C00528,Customer 528,Female,Kano,36-45
C00529,Customer 529,Male,Abuja,46-60
C00530,Customer 530,Female,Ibadan,36-45
C00531,Customer 531,Female,Lagos,18-25
C00532,Customer 532,Female,Kano,46-60
C00533,Customer 533,Male,Abuja,36-45
C00534,Customer 534,Male,Lagos,36-45
C00535,Customer 535,Female,Kano,46-60
C00536,Customer 536,Female,Kano,18-25
C00537,Customer 537,Male,Ibadan,26-35
C00538,Customer 538,Female,Enugu,36-45
C00539,Customer 539,Female,Port Harcourt,18-25
C00540,Customer 540,Female,Lagos,26-35
C00541,Customer 541,Female,Kano,36-45
C00542,Customer 542,Male,Ibadan,46-60
C00543,Customer 543,Female,Kano,18-25
C00544,Customer 544,Male,Lagos,46-60
C00545,Customer 545,Female,Port Harcourt,36-45
C00546,Customer 546,Male,Abuja,46-60
C00547,Customer 547,Male,Lagos,18-25
C00548,Customer 548,Male,Enugu,36-45
C00549,Customer 549,Female,Kano,46-60
C00550,Customer 550,Male,Kano,26-35
C00551,Customer 551,Female,Kano,36-45
C00552,Customer 552,Male,Ibadan,36-45
C00553,Customer 553,Female,Kano,46-60
C00554,Customer 554,Female,Ibadan,18-25
C00555,Customer 555,Female,Port Harcourt,18-25
C00556,Customer 556,Female,Kano,36-45
C00557,Customer 557,Male,Kano,46-60
C00558,Customer 558,Female,Enugu,26-35
C00559,Customer 559,Male,Kano,46-60
C00560,Customer 560,Male,Kano,46-60
C00561,Customer 561,Male,Enugu,26-35
C00562,Customer 562,Male,Kano,18-25
C00563,Customer 563,Male,Lagos,46-60
C00564,Customer 564,Female,Ibadan,26-35
C00565,Customer 565,Female,Enugu,26-35
C00566,Customer 566,Female,Kano,46-60
C00567,Customer 567,Male,Enugu,26-35
C00568,Customer 568,Male,Kano,36-45
C00569,Customer 569,Female,Kano,46-60
C00570,Customer 570,Female,Abuja,46-60
C00571,Customer 571,Female,Kano,36-45
C00572,Customer 572,Female,Kano,46-60
C00573,Customer 573,Male,Abuja,36-45
C00574,Customer 574,Female,Abuja,36-45
C00575,Customer 575,Female,Enugu,26-35
C00576,Customer 576,Female,Port Harcourt,46-60
C00577,Customer 577,Female,Kano,36-45
C00578,Customer 578,Female,Lagos,46-60
C00579,Customer 579,Female,Port Harcourt,26-35
C00580,Customer 580,Female,Lagos,36-45
C00581,Customer 581,Male,Port Harcourt,46-60
C00582,Customer 582,Female,Enugu,46-60
C00583,Customer 583,Male,Abuja,36-45
C00584,Customer 584,Female,Abuja,18-25
C00585,Customer 585,Male,Abuja,18-25
C00586,Customer 586,Male,Enugu,26-35
C00587,Customer 587,Male,Lagos,46-60
C00588,Customer 588,Female,Enugu,46-60
C00589,Customer 589,Male,Enugu,26-35
C00590,Customer 590,Male,Kano,26-35
C00591,Customer 591,Female,Enugu,46-60
C00592,Customer 592,Female,Enugu,26-35
C00593,Customer 593,Female,Port Harcourt,36-45
C00594,Customer 594,Male,Lagos,26-35
C00595,Customer 595,Male,Abuja,46-60
C00596,Customer 596,Male,Lagos,46-60
C00597,Customer 597,Female,Abuja,36-45
C00598,Customer 598,Male,Lagos,36-45
C00599,Customer 599,Male,Port Harcourt,36-45
C00600,Customer 600,Female,Enugu,46-60
C00601,Customer 601,Male,Kano,46-60
C00602,Customer 602,Female,Abuja,18-25
C00603,Customer 603,Female,Abuja,46-60
C00604,Customer 604,Female,Enugu,26-35
C00605,Customer 605,Male,Enugu,36-45
C00606,Customer 606,Female,Kano,26-35
C00607,Customer 607,Male,Kano,46-60
C00608,Customer 608,Female,Kano,36-45
C00609,Customer 609,Male,Ibadan,18-25
C00610,Customer 610,Male,Abuja,46-60
C00611,Customer 611,Female,Abuja,18-25
C00612,Customer 612,Female,Ibadan,26-35
C00613,Customer 613,Female,Port Harcourt,36-45
C00614,Customer 614,Female,Kano,18-25
C00615,Customer 615,Female,Enugu,36-45
C00616,Customer 616,Male,Lagos,18-25
C00617,Customer 617,Female,Port Harcourt,26-35
C00618,Customer 618,Female,Enugu,36-45
C00619,Customer 619,Male,Enugu,36-45
C00620,Customer 620,Female,Kano,26-35
C00621,Customer 621,Male,Abuja,46-60
C00622,Customer 622,Male,Ibadan,36-45
C00623,Customer 623,Female,Enugu,46-60
C00624,Customer 624,Male,Abuja,18-25
C00625,Customer 625,Female,Kano,36-45
C00626,Customer 626,Male,Kano,18-25
C00627,Customer 627,Male,Kano,26-35
C00628,Customer 628,Male,Abuja,36-45
C00629,Customer 629,Female,Lagos,26-35
C00630,Customer 630,Female,Lagos,46-60
C00631,Customer 631,Male,Ibadan,26-35
C00632,Customer 632,Female,Ibadan,18-25
C00633,Customer 633,Female,Enugu,36-45
C00634,Customer 634,Male,Ibadan,36-45
C00635,Customer 635,Male,Enugu,26-35
C00636,Customer 636,Male,Lagos,46-60
C00637,Customer 637,Female,Enugu,18-25
C00638,Customer 638,Male,Lagos,46-60
C00639,Customer 639,Male,Port Harcourt,46-60
C00640,Customer 640,Male,Abuja,46-60
C00641,Customer 641,Female,Ibadan,46-60
C00642,Customer 642,Female,Ibadan,18-25
C00643,Customer 643,Male,Enugu,36-45
C00644,Customer 644,Male,Abuja,46-60
C00645,Customer 645,Male,Enugu,26-35
C00646,Customer 646,Male,Lagos,36-45
C00647,Customer 647,Female,Enugu,46-60
C00648,Customer 648,Female,Abuja,26-35
C00649,Customer 649,Female,Port Harcourt,26-35
C00650,Customer 650,Female,Abuja,18-25
C00651,Customer 651,Male,Enugu,46-60
C00652,Customer 652,Male,Abuja,26-35
C00653,Customer 653,Male,Lagos,18-25
C00654,Customer 654,Female,Kano,18-25
C00655,Customer 655,Male,Enugu,18-25
C00656,Customer 656,Female,Ibadan,26-35
C00657,Customer 657,Male,Lagos,26-35
C00658,Customer 658,Female,Abuja,36-45
C00659,Customer 659,Female,Abuja,36-45
C00660,Customer 660,Male,Enugu,26-35
C00661,Customer 661,Female,Port Harcourt,36-45
C00662,Customer 662,Male,Kano,26-35
C00663,Customer 663,Female,Kano,46-60
C00664,Customer 664,Male,Port Harcourt,46-60
C00665,Customer 665,Female,Enugu,46-60
C00666,Customer 666,Female,Abuja,36-45
C00667,Customer 667,Female,Abuja,46-60
C00668,Customer 668,Male,Abuja,36-45
C00669,Customer 669,Male,Ibadan,18-25
C00670,Customer 670,Female,Ibadan,26-35
C00671,Customer 671,Female,Abuja,36-45
C00672,Customer 672,Male,Port Harcourt,18-25
C00673,Customer 673,Female,Port Harcourt,18-25
C00674,Customer 674,Male,Lagos,36-45
C00675,Customer 675,Female,Enugu,18-25
C00676,Customer 676,Male,Abuja,26-35
C00677,Customer 677,Female,Abuja,36-45
C00678,Customer 678,Female,Lagos,26-35
C00679,Customer 679,Male,Enugu,18-25
C00680,Customer 680,Female,Abuja,26-35
C00681,Customer 681,Female,Abuja,36-45
C00682,Customer 682,Female,Ibadan,46-60
C00683,Customer 683,Female,Port Harcourt,36-45
C00684,Customer 684,Female,Kano,46-60
C00685,Customer 685,Female,Lagos,46-60
C00686,Customer 686,Female,Abuja,36-45
C00687,Customer 687,Female,Ibadan,18-25
C00688,Customer 688,Male,Enugu,26-35
C00689,Customer 689,Male,Port Harcourt,46-60
C00690,Customer 690,Female,Abuja,26-35
C00691,Customer 691,Female,Abuja,46-60
C00692,Customer 692,Male,Ibadan,36-45
C00693,Customer 693,Female,Ibadan,46-60
C00694,Customer 694,Female,Abuja,36-45
C00695,Customer 695,Male,Abuja,46-60
C00696,Customer 696,Male,Kano,18-25
C00697,Customer 697,Male,Lagos,18-25
C00698,Customer 698,Male,Ibadan,26-35
C00699,Customer 699,Male,Lagos,26-35
C00700,Customer 700,Male,Abuja,46-60
C00701,Customer 701,Female,Lagos,46-60
C00702,Customer 702,Female,Lagos,18-25
C00703,Customer 703,Female,Lagos,18-25
C00704,Customer 704,Female,Kano,36-45
C00705,Customer 705,Male,Kano,46-60
C00706,Customer 706,Male,Lagos,18-25
C00707,Customer 707,Male,Abuja,26-35
C00708,Customer 708,Female,Port Harcourt,36-45
C00709,Customer 709,Female,Lagos,36-45
C00710,Customer 710,Female,Ibadan,26-35
C00711,Customer 711,Male,Port Harcourt,18-25
C00712,Customer 712,Male,Lagos,46-60
C00713,Customer 713,Female,Ibadan,46-60
C00714,Customer 714,Male,Enugu,18-25
C00715,Customer 715,Male,Lagos,46-60
C00716,Customer 716,Female,Enugu,36-45
C00717,Customer 717,Male,Kano,18-25
C00718,Customer 718,Male,Abuja,46-60
C00719,Customer 719,Female,Lagos,18-25
C00720,Customer 720,Female,Kano,18-25
C00721,Customer 721,Male,Port Harcourt,18-25
C00722,Customer 722,Male,Kano,26-35
C00723,Customer 723,Female,Lagos,36-45
C00724,Customer 724,Male,Kano,26-35
C00725,Customer 725,Female,Enugu,36-45
C00726,Customer 726,Female,Enugu,26-35
C00727,Customer 727,Male,Kano,36-45
C00728,Customer 728,Male,Lagos,46-60
C00729,Customer 729,Male,Lagos,36-45
C00730,Customer 730,Female,Port Harcourt,18-25
C00731,Customer 731,Female,Ibadan,46-60
C00732,Customer 732,Male,Port Harcourt,46-60
C00733,Customer 733,Female,Abuja,46-60
C00734,Customer 734,Male,Kano,36-45
C00735,Customer 735,Male,Enugu,18-25
C00736,Customer 736,Male,Port Harcourt,26-35
C00737,Customer 737,Female,Enugu,26-35
C00738,Customer 738,Female,Port Harcourt,36-45
C00739,Customer 739,Male,Lagos,18-25
C00740,Customer 740,Female,Ibadan,36-45
C00741,Customer 741,Female,Lagos,26-35
C00742,Customer 742,Male,Abuja,46-60
C00743,Customer 743,Female,Kano,46-60
C00744,Customer 744,Male,Lagos,18-25
C00745,Customer 745,Female,Kano,18-25
C00746,Customer 746,Female,Ibadan,18-25
C00747,Customer 747,Female,Ibadan,46-60
C00748,Customer 748,Male,Enugu,26-35
C00749,Customer 749,Male,Enugu,46-60
C00750,Customer 750,Male,Abuja,36-45
C00751,Customer 751,Female,Port Harcourt,46-60
C00752,Customer 752,Male,Lagos,26-35
C00753,Customer 753,Female,Port Harcourt,46-60
C00754,Customer 754,Female,Ibadan,18-25
C00755,Customer 755,Female,Port Harcourt,26-35
C00756,Customer 756,Female,Kano,26-35
C00757,Customer 757,Female,Lagos,26-35
C00758,Customer 758,Female,Lagos,46-60
C00759,Customer 759,Female,Kano,46-60
C00760,Customer 760,Female,Ibadan,36-45
C00761,Customer 761,Female,Enugu,26-35
C00762,Customer 762,Female,Port Harcourt,26-35
C00763,Customer 763,Female,Port Harcourt,26-35
C00764,Customer 764,Female,Port Harcourt,36-45
C00765,Customer 765,Female,Kano,26-35
C00766,Customer 766,Female,Ibadan,36-45
C00767,Customer 767,Female,Port Harcourt,18-25
C00768,Customer 768,Male,Kano,26-35
C00769,Customer 769,Male,Enugu,46-60
C00770,Customer 770,Male,Ibadan,36-45
C00771,Customer 771,Male,Ibadan,46-60
C00772,Customer 772,Male,Enugu,36-45
C00773,Customer 773,Male,Port Harcourt,26-35
C00774,Customer 774,Female,Ibadan,18-25
C00775,Customer 775,Female,Kano,46-60
C00776,Customer 776,Female,Kano,46-60
C00777,Customer 777,Male,Port Harcourt,18-25
C00778,Customer 778,Male,Abuja,36-45
C00779,Customer 779,Male,Enugu,18-25
C00780,Customer 780,Female,Port Harcourt,46-60
C00781,Customer 781,Male,Lagos,18-25
C00782,Customer 782,Female,Abuja,26-35
C00783,Customer 783,Female,Port Harcourt,46-60
C00784,Customer 784,Female,Enugu,26-35
C00785,Customer 785,Female,Lagos,46-60
C00786,Customer 786,Male,Port Harcourt,46-60
C00787,Customer 787,Male,Lagos,26-35
C00788,Customer 788,Female,Port Harcourt,36-45
C00789,Customer 789,Female,Abuja,46-60
C00790,Customer 790,Female,Ibadan,18-25
C00791,Customer 791,Female,Enugu,46-60
C00792,Customer 792,Female,Lagos,36-45
C00793,Customer 793,Male,Enugu,18-25
C00794,Customer 794,Male,Port Harcourt,18-25
C00795,Customer 795,Male,Enugu,26-35
C00796,Customer 796,Male,Kano,26-35
C00797,Customer 797,Female,Kano,46-60
C00798,Customer 798,Female,Abuja,46-60
C00799,Customer 799,Male,Abuja,46-60
C00800,Customer 800,Female,Lagos,26-35
C00801,Customer 801,Female,Kano,46-60
C00802,Customer 802,Female,Lagos,26-35
C00803,Customer 803,Male,Port Harcourt,18-25
C00804,Customer 804,Male,Kano,26-35
C00805,Customer 805,Female,Port Harcourt,26-35
C00806,Customer 806,Female,Lagos,36-45
C00807,Customer 807,Female,Kano,36-45
C00808,Customer 808,Female,Kano,46-60
C00809,Customer 809,Male,Port Harcourt,36-45
C00810,Customer 810,Female,Kano,26-35
C00811,Customer 811,Female,Kano,18-25
C00812,Customer 812,Male,Port Harcourt,18-25
C00813,Customer 813,Male,Port Harcourt,18-25
C00814,Customer 814,Male,Port Harcourt,26-35
C00815,Customer 815,Female,Ibadan,26-35
C00816,Customer 816,Female,Ibadan,26-35
C00817,Customer 817,Female,Enugu,26-35
C00818,Customer 818,Male,Ibadan,36-45
C00819,Customer 819,Male,Abuja,36-45
C00820,Customer 820,Female,Kano,18-25
C00821,Customer 821,Female,Lagos,46-60
C00822,Customer 822,Male,Abuja,46-60
C00823,Customer 823,Female,Ibadan,46-60
C00824,Customer 824,Female,Enugu,46-60
C00825,Customer 825,Female,Abuja,18-25
C00826,Customer 826,Male,Abuja,36-45
C00827,Customer 827,Male,Port Harcourt,26-35
C00828,Customer 828,Female,Abuja,46-60
C00829,Customer 829,Female,Kano,18-25
C00830,Customer 830,Male,Port Harcourt,36-45
C00831,Customer 831,Male,Enugu,46-60
C00832,Customer 832,Male,Ibadan,18-25
C00833,Customer 833,Male,Port Harcourt,18-25
C00834,Customer 834,Female,Port Harcourt,36-45
C00835,Customer 835,Male,Ibadan,18-25
C00836,Customer 836,Male,Abuja,36-45
C00837,Customer 837,Female,Abuja,26-35
C00838,Customer 838,Male,Abuja,18-25
C00839,Customer 839,Female,Kano,36-45
C00840,Customer 840,Male,Port Harcourt,36-45
C00841,Customer 841,Female,Kano,36-45
C00842,Customer 842,Male,Abuja,46-60
C00843,Customer 843,Male,Port Harcourt,26-35
C00844,Customer 844,Male,Abuja,26-35
C00845,Customer 845,Female,Abuja,46-60
C00846,Customer 846,Female,Abuja,36-45
C00847,Customer 847,Female,Ibadan,46-60
C00848,Customer 848,Male,Enugu,18-25
C00849,Customer 849,Female,Kano,36-45
C00850,Customer 850,Female,Ibadan,46-60
C00851,Customer 851,Female,Kano,18-25
C00852,Customer 852,Male,Enugu,46-60
C00853,Customer 853,Female,Lagos,46-60
C00854,Customer 854,Male,Ibadan,26-35
C00855,Customer 855,Female,Port Harcourt,36-45
C00856,Customer 856,Female,Port Harcourt,26-35
C00857,Customer 857,Female,Port Harcourt,18-25
C00858,Customer 858,Male,Lagos,46-60
C00859,Customer 859,Male,Lagos,26-35
C00860,Customer 860,Female,Ibadan,18-25
C00861,Customer 861,Female,Abuja,26-35
C00862,Customer 862,Female,Abuja,36-45
C00863,Customer 863,Male,Enugu,36-45
C00864,Customer 864,Female,Lagos,36-45
C00865,Customer 865,Male,Lagos,46-60
C00866,Customer 866,Female,Enugu,26-35
C00867,Customer 867,Female,Enugu,18-25
C00868,Customer 868,Male,Lagos,26-35
C00869,Customer 869,Female,Lagos,26-35
C00870,Customer 870,Male,Kano,46-60
C00871,Customer 871,Male,Lagos,36-45
C00872,Customer 872,Male,Ibadan,26-35
C00873,Customer 873,Female,Lagos,26-35
C00874,Customer 874,Female,Lagos,18-25
C00875,Customer 875,Male,Port Harcourt,36-45
C00876,Customer 876,Female,Abuja,46-60
C00877,Customer 877,Male,Enugu,26-35
C00878,Customer 878,Male,Kano,18-25
C00879,Customer 879,Male,Ibadan,36-45
C00880,Customer 880,Male,Enugu,26-35
C00881,Customer 881,Female,Kano,46-60
C00882,Customer 882,Male,Lagos,18-25
C00883,Customer 883,Male,Lagos,46-60
C00884,Customer 884,Female,Ibadan,36-45
C00885,Customer 885,Male,Abuja,36-45
C00886,Customer 886,Male,Abuja,36-45
C00887,Customer 887,Male,Enugu,36-45
C00888,Customer 888,Male,Kano,26-35
C00889,Customer 889,Female,Port Harcourt,18-25
C00890,Customer 890,Male,Ibadan,46-60
C00891,Customer 891,Male,Abuja,46-60
C00892,Customer 892,Male,Kano,18-25
C00893,Customer 893,Female,Port Harcourt,26-35
C00894,Customer 894,Female,Kano,46-60
C00895,Customer 895,Female,Kano,26-35
C00896,Customer 896,Female,Lagos,18-25
C00897,Customer 897,Male,Lagos,36-45
C00898,Customer 898,Male,Lagos,18-25
C00899,Customer 899,Female,Kano,36-45
C00900,Customer 900,Female,Ibadan,46-60
C00901,Customer 901,Male,Enugu,26-35
C00902,Customer 902,Female,Lagos,36-45
C00903,Customer 903,Male,Kano,26-35
C00904,Customer 904,Male,Kano,36-45
C00905,Customer 905,Female,Kano,18-25
C00906,Customer 906,Female,Enugu,46-60
C00907,Customer 907,Male,Lagos,26-35
C00908,Customer 908,Male,Ibadan,18-25
C00909,Customer 909,Female,Kano,18-25
C00910,Customer 910,Female,Enugu,26-35
C00911,Customer 911,Male,Lagos,26-35
C00912,Customer 912,Male,Abuja,46-60
C00913,Customer 913,Female,Kano,36-45
C00914,Customer 914,Male,Port Harcourt,26-35
C00915,Customer 915,Female,Enugu,18-25
C00916,Customer 916,Male,Port Harcourt,46-60
C00917,Customer 917,Female,Kano,18-25
C00918,Customer 918,Female,Enugu,18-25
C00919,Customer 919,Female,Ibadan,36-45
C00920,Customer 920,Male,Ibadan,26-35
C00921,Customer 921,Female,Abuja,36-45
C00922,Customer 922,Male,Kano,18-25
C00923,Customer 923,Male,Enugu,18-25
C00924,Customer 924,Male,Lagos,26-35
C00925,Customer 925,Male,Ibadan,36-45
C00926,Customer 926,Female,Abuja,26-35
C00927,Customer 927,Male,Kano,46-60
C00928,Customer 928,Male,Port Harcourt,26-35
C00929,Customer 929,Female,Enugu,36-45
C00930,Customer 930,Female,Lagos,36-45
C00931,Customer 931,Male,Kano,18-25
C00932,Customer 932,Male,Abuja,18-25
C00933,Customer 933,Female,Lagos,46-60
C00934,Customer 934,Female,Port Harcourt,36-45
C00935,Customer 935,Male,Kano,46-60
C00936,Customer 936,Male,Port Harcourt,26-35
C00937,Customer 937,Female,Kano,36-45
C00938,Customer 938,Male,Ibadan,36-45
C00939,Customer 939,Female,Abuja,26-35
C00940,Customer 940,Male,Lagos,46-60
C00941,Customer 941,Male,Abuja,36-45
C00942,Customer 942,Male,Port Harcourt,18-25
C00943,Customer 943,Female,Enugu,36-45
C00944,Customer 944,Male,Abuja,26-35
C00945,Customer 945,Female,Ibadan,18-25
C00946,Customer 946,Male,Enugu,36-45
C00947,Customer 947,Male,Lagos,26-35
C00948,Customer 948,Female,Enugu,36-45
C00949,Customer 949,Female,Enugu,18-25
C00950,Customer 950,Male,Kano,26-35
C00951,Customer 951,Female,Lagos,18-25
C00952,Customer 952,Female,Enugu,26-35
C00953,Customer 953,Male,Port Harcourt,36-45
C00954,Customer 954,Female,Ibadan,36-45
C00955,Customer 955,Female,Ibadan,36-45
C00956,Customer 956,Male,Lagos,26-35
C00957,Customer 957,Male,Kano,18-25
C00958,Customer 958,Male,Lagos,26-35
C00959,Customer 959,Female,Ibadan,36-45
C00960,Customer 960,Female,Lagos,36-45
C00961,Customer 961,Male,Ibadan,36-45
C00962,Customer 962,Female,Port Harcourt,18-25
C00963,Customer 963,Male,Abuja,36-45
C00964,Customer 964,Male,Abuja,36-45
C00965,Customer 965,Male,Lagos,26-35
C00966,Customer 966,Female,Ibadan,18-25
C00967,Customer 967,Female,Port Harcourt,26-35
C00968,Customer 968,Male,Ibadan,46-60
C00969,Customer 969,Male,Lagos,46-60
C00970,Customer 970,Male,Abuja,18-25
C00971,Customer 971,Male,Lagos,26-35
C00972,Customer 972,Male,Abuja,46-60
C00973,Customer 973,Female,Enugu,18-25
C00974,Customer 974,Female,Lagos,18-25
C00975,Customer 975,Male,Abuja,46-60
C00976,Customer 976,Male,Lagos,36-45
C00977,Customer 977,Male,Lagos,46-60
C00978,Customer 978,Male,Abuja,46-60
C00979,Customer 979,Female,Ibadan,18-25
C00980,Customer 980,Female,Enugu,46-60
C00981,Customer 981,Male,Port Harcourt,26-35
C00982,Customer 982,Male,Port Harcourt,36-45
C00983,Customer 983,Female,Abuja,18-25
C00984,Customer 984,Male,Enugu,36-45
C00985,Customer 985,Female,Ibadan,46-60
C00986,Customer 986,Male,Lagos,36-45
C00987,Customer 987,Female,Abuja,46-60
C00988,Customer 988,Male,Enugu,26-35
C00989,Customer 989,Male,Ibadan,36-45
C00990,Customer 990,Female,Kano,46-60
C00991,Customer 991,Female,Kano,36-45
C00992,Customer 992,Female,Port Harcourt,26-35
C00993,Customer 993,Male,Port Harcourt,26-35
C00994,Customer 994,Male,Port Harcourt,18-25
C00995,Customer 995,Female,Kano,36-45
C00996,Customer 996,Male,Abuja,18-25
C00997,Customer 997,Male,Enugu,26-35
C00998,Customer 998,Female,Kano,18-25
C00999,Customer 999,Male,Kano,46-60
C01000,Customer 1000,Female,Abuja,26-35
C01001,Customer 1001,Male,Kano,36-45
C01002,Customer 1002,Female,Kano,18-25
C01003,Customer 1003,Female,Kano,26-35
C01004,Customer 1004,Male,Ibadan,36-45
C01005,Customer 1005,Male,Ibadan,18-25
C01006,Customer 1006,Male,Lagos,26-35
C01007,Customer 1007,Male,Lagos,46-60
C01008,Customer 1008,Male,Port Harcourt,26-35
C01009,Customer 1009,Male,Port Harcourt,26-35
C01010,Customer 1010,Female,Lagos,18-25
C01011,Customer 1011,Male,Kano,26-35
C01012,Customer 1012,Male,Kano,36-45
C01013,Customer 1013,Male,Port Harcourt,46-60
C01014,Customer 1014,Male,Port Harcourt,36-45
C01015,Customer 1015,Female,Abuja,26-35
C01016,Customer 1016,Female,Enugu,46-60
C01017,Customer 1017,Female,Abuja,36-45
C01018,Customer 1018,Male,Enugu,26-35
C01019,Customer 1019,Female,Port Harcourt,36-45
C01020,Customer 1020,Male,Abuja,18-25
C01021,Customer 1021,Female,Kano,18-25
C01022,Customer 1022,Male,Kano,36-45
C01023,Customer 1023,Male,Enugu,18-25
C01024,Customer 1024,Female,Abuja,36-45
C01025,Customer 1025,Male,Abuja,36-45
C01026,Customer 1026,Female,Abuja,18-25
C01027,Customer 1027,Female,Ibadan,18-25
C01028,Customer 1028,Female,Abuja,26-35
C01029,Customer 1029,Male,Port Harcourt,36-45
C01030,Customer 1030,Male,Enugu,18-25
C01031,Customer 1031,Male,Ibadan,46-60
C01032,Customer 1032,Female,Abuja,46-60
C01033,Customer 1033,Female,Ibadan,36-45
C01034,Customer 1034,Female,Lagos,46-60
C01035,Customer 1035,Male,Abuja,46-60
C01036,Customer 1036,Male,Lagos,36-45
C01037,Customer 1037,Male,Port Harcourt,36-45
C01038,Customer 1038,Male,Lagos,36-45
C01039,Customer 1039,Male,Ibadan,26-35
C01040,Customer 1040,Male,Kano,18-25
C01041,Customer 1041,Female,Kano,46-60
C01042,Customer 1042,Male,Ibadan,26-35
C01043,Customer 1043,Female,Abuja,18-25
C01044,Customer 1044,Male,Port Harcourt,26-35
C01045,Customer 1045,Male,Ibadan,36-45
C01046,Customer 1046,Female,Port Harcourt,26-35
C01047,Customer 1047,Male,Lagos,46-60
C01048,Customer 1048,Female,Abuja,18-25
C01049,Customer 1049,Female,Lagos,46-60
C01050,Customer 1050,Male,Port Harcourt,46-60
C01051,Customer 1051,Male,Lagos,18-25
C01052,Customer 1052,Male,Abuja,36-45
C01053,Customer 1053,Male,Ibadan,18-25
C01054,Customer 1054,Female,Ibadan,46-60
C01055,Customer 1055,Female,Enugu,36-45
C01056,Customer 1056,Male,Enugu,46-60
C01057,Customer 1057,Male,Port Harcourt,46-60
C01058,Customer 1058,Female,Abuja,46-60
C01059,Customer 1059,Male,Port Harcourt,46-60
C01060,Customer 1060,Female,Port Harcourt,26-35
C01061,Customer 1061,Female,Kano,18-25
C01062,Customer 1062,Male,Enugu,18-25
C01063,Customer 1063,Male,Enugu,36-45
C01064,Customer 1064,Female,Kano,26-35
C01065,Customer 1065,Male,Ibadan,46-60
C01066,Customer 1066,Female,Kano,26-35
C01067,Customer 1067,Female,Port Harcourt,18-25
C01068,Customer 1068,Female,Enugu,18-25
C01069,Customer 1069,Male,Lagos,46-60
C01070,Customer 1070,Male,Abuja,26-35
C01071,Customer 1071,Male,Abuja,18-25
C01072,Customer 1072,Female,Lagos,46-60
C01073,Customer 1073,Male,Enugu,26-35
C01074,Customer 1074,Female,Port Harcourt,18-25
C01075,Customer 1075,Male,Ibadan,46-60
C01076,Customer 1076,Female,Port Harcourt,46-60
C01077,Customer 1077,Male,Enugu,46-60
C01078,Customer 1078,Male,Ibadan,26-35
C01079,Customer 1079,Male,Kano,18-25
C01080,Customer 1080,Male,Kano,18-25
C01081,Customer 1081,Female,Kano,36-45
C01082,Customer 1082,Female,Port Harcourt,46-60
C01083,Customer 1083,Female,Kano,46-60
C01084,Customer 1084,Male,Abuja,36-45
C01085,Customer 1085,Female,Abuja,46-60
C01086,Customer 1086,Male,Ibadan,36-45
C01087,Customer 1087,Male,Lagos,46-60
C01088,Customer 1088,Female,Port Harcourt,18-25
C01089,Customer 1089,Female,Port Harcourt,36-45
C01090,Customer 1090,Female,Ibadan,18-25
C01091,Customer 1091,Male,Abuja,36-45
C01092,Customer 1092,Female,Port Harcourt,36-45
C01093,Customer 1093,Female,Kano,18-25
C01094,Customer 1094,Male,Ibadan,26-35
C01095,Customer 1095,Female,Enugu,46-60
C01096,Customer 1096,Female,Lagos,26-35
C01097,Customer 1097,Male,Port Harcourt,46-60
C01098,Customer 1098,Male,Kano,18-25
C01099,Customer 1099,Male,Abuja,26-35
C01100,Customer 1100,Male,Abuja,18-25
C01101,Customer 1101,Female,Lagos,36-45
C01102,Customer 1102,Male,Port Harcourt,36-45
C01103,Customer 1103,Female,Kano,46-60
C01104,Customer 1104,Male,Enugu,18-25
C01105,Customer 1105,Male,Port Harcourt,46-60
C01106,Customer 1106,Female,Abuja,46-60
C01107,Customer 1107,Female,Port Harcourt,26-35
C01108,Customer 1108,Female,Enugu,18-25
C01109,Customer 1109,Female,Lagos,46-60
C01110,Customer 1110,Male,Abuja,26-35
C01111,Customer 1111,Male,Enugu,26-35
C01112,Customer 1112,Male,Port Harcourt,46-60
C01113,Customer 1113,Male,Enugu,18-25
C01114,Customer 1114,Female,Abuja,26-35
C01115,Customer 1115,Male,Abuja,36-45
C01116,Customer 1116,Female,Enugu,36-45
C01117,Customer 1117,Female,Ibadan,36-45
C01118,Customer 1118,Female,Port Harcourt,26-35
C01119,Customer 1119,Female,Port Harcourt,46-60
C01120,Customer 1120,Male,Lagos,36-45
C01121,Customer 1121,Female,Port Harcourt,18-25
C01122,Customer 1122,Female,Lagos,36-45
C01123,Customer 1123,Female,Enugu,36-45
C01124,Customer 1124,Female,Port Harcourt,36-45
C01125,Customer 1125,Male,Abuja,26-35
C01126,Customer 1126,Male,Kano,46-60
C01127,Customer 1127,Female,Enugu,26-35
C01128,Customer 1128,Male,Enugu,46-60
C01129,Customer 1129,Female,Port Harcourt,46-60
C01130,Customer 1130,Female,Ibadan,18-25
C01131,Customer 1131,Male,Port Harcourt,26-35
C01132,Customer 1132,Female,Enugu,36-45
C01133,Customer 1133,Female,Abuja,26-35
C01134,Customer 1134,Female,Lagos,46-60
C01135,Customer 1135,Male,Enugu,36-45
C01136,Customer 1136,Male,Enugu,36-45
C01137,Customer 1137,Male,Abuja,36-45
C01138,Customer 1138,Male,Enugu,36-45
C01139,Customer 1139,Female,Port Harcourt,36-45
C01140,Customer 1140,Female,Kano,36-45
C01141,Customer 1141,Female,Lagos,46-60
C01142,Customer 1142,Male,Enugu,18-25
C01143,Customer 1143,Female,Abuja,18-25
C01144,Customer 1144,Female,Kano,36-45
C01145,Customer 1145,Female,Lagos,26-35
C01146,Customer 1146,Male,Abuja,36-45
C01147,Customer 1147,Female,Kano,46-60
C01148,Customer 1148,Male,Port Harcourt,26-35
C01149,Customer 1149,Male,Ibadan,36-45
C01150,Customer 1150,Male,Port Harcourt,18-25
C01151,Customer 1151,Male,Ibadan,36-45
C01152,Customer 1152,Male,Abuja,26-35
C01153,Customer 1153,Female,Lagos,26-35
C01154,Customer 1154,Female,Enugu,46-60
C01155,Customer 1155,Female,Ibadan,46-60
C01156,Customer 1156,Female,Lagos,18-25
C01157,Customer 1157,Male,Enugu,36-45
C01158,Customer 1158,Male,Port Harcourt,26-35
C01159,Customer 1159,Male,Enugu,18-25
C01160,Customer 1160,Male,Abuja,36-45
C01161,Customer 1161,Female,Abuja,18-25
C01162,Customer 1162,Female,Kano,36-45
C01163,Customer 1163,Male,Lagos,18-25
C01164,Customer 1164,Female,Port Harcourt,46-60
C01165,Customer 1165,Female,Ibadan,26-35
C01166,Customer 1166,Female,Ibadan,36-45
C01167,Customer 1167,Male,Abuja,46-60
C01168,Customer 1168,Male,Abuja,26-35
C01169,Customer 1169,Male,Abuja,18-25
C01170,Customer 1170,Male,Lagos,36-45
C01171,Customer 1171,Male,Ibadan,36-45
C01172,Customer 1172,Male,Kano,18-25
C01173,Customer 1173,Male,Enugu,18-25
C01174,Customer 1174,Male,Enugu,18-25
C01175,Customer 1175,Female,Ibadan,46-60
C01176,Customer 1176,Male,Kano,36-45
C01177,Customer 1177,Female,Enugu,26-35
C01178,Customer 1178,Male,Enugu,18-25
C01179,Customer 1179,Female,Ibadan,18-25
C01180,Customer 1180,Female,Kano,26-35
C01181,Customer 1181,Female,Lagos,18-25
C01182,Customer 1182,Female,Lagos,18-25
C01183,Customer 1183,Female,Abuja,26-35
C01184,Customer 1184,Female,Kano,26-35
C01185,Customer 1185,Female,Enugu,46-60
C01186,Customer 1186,Female,Abuja,18-25
C01187,Customer 1187,Female,Abuja,46-60
C01188,Customer 1188,Female,Abuja,18-25
C01189,Customer 1189,Male,Enugu,18-25
C01190,Customer 1190,Male,Kano,46-60
C01191,Customer 1191,Male,Lagos,18-25
C01192,Customer 1192,Male,Port Harcourt,26-35
C01193,Customer 1193,Female,Port Harcourt,36-45
C01194,Customer 1194,Female,Lagos,18-25
C01195,Customer 1195,Male,Lagos,36-45
C01196,Customer 1196,Female,Enugu,36-45
C01197,Customer 1197,Female,Enugu,18-25
C01198,Customer 1198,Male,Lagos,18-25
C01199,Customer 1199,Male,Enugu,26-35
C01200,Customer 1200,Female,Port Harcourt,46-60
C01201,Customer 1201,Female,Enugu,18-25
C01202,Customer 1202,Female,Port Harcourt,26-35
C01203,Customer 1203,Male,Ibadan,46-60
C01204,Customer 1204,Female,Port Harcourt,46-60
C01205,Customer 1205,Female,Ibadan,26-35
C01206,Customer 1206,Male,Abuja,18-25
C01207,Customer 1207,Male,Lagos,46-60
C01208,Customer 1208,Female,Kano,46-60
C01209,Customer 1209,Male,Kano,46-60
C01210,Customer 1210,Female,Kano,18-25
C01211,Customer 1211,Male,Ibadan,46-60
C01212,Customer 1212,Male,Ibadan,46-60
C01213,Customer 1213,Male,Lagos,36-45
C01214,Customer 1214,Female,Lagos,26-35
C01215,Customer 1215,Female,Kano,18-25
C01216,Customer 1216,Female,Enugu,26-35
C01217,Customer 1217,Female,Port Harcourt,46-60
C01218,Customer 1218,Male,Kano,18-25
C01219,Customer 1219,Male,Enugu,26-35
C01220,Customer 1220,Female,Ibadan,26-35
C01221,Customer 1221,Male,Ibadan,36-45
C01222,Customer 1222,Male,Port Harcourt,36-45
C01223,Customer 1223,Male,Kano,26-35
C01224,Customer 1224,Female,Ibadan,26-35
C01225,Customer 1225,Male,Ibadan,46-60
C01226,Customer 1226,Female,Lagos,46-60
C01227,Customer 1227,Female,Port Harcourt,18-25
C01228,Customer 1228,Female,Enugu,18-25
C01229,Customer 1229,Male,Ibadan,46-60
C01230,Customer 1230,Male,Kano,18-25
C01231,Customer 1231,Male,Kano,36-45
C01232,Customer 1232,Male,Enugu,46-60
C01233,Customer 1233,Female,Port Harcourt,18-25
C01234,Customer 1234,Male,Ibadan,36-45
C01235,Customer 1235,Female,Enugu,36-45
C01236,Customer 1236,Female,Lagos,18-25
C01237,Customer 1237,Male,Lagos,36-45
C01238,Customer 1238,Female,Enugu,36-45
C01239,Customer 1239,Female,Enugu,18-25
C01240,Customer 1240,Male,Abuja,46-60
C01241,Customer 1241,Male,Enugu,46-60
C01242,Customer 1242,Male,Port Harcourt,26-35
C01243,Customer 1243,Male,Lagos,46-60
C01244,Customer 1244,Male,Ibadan,26-35
C01245,Customer 1245,Female,Lagos,46-60
C01246,Customer 1246,Male,Enugu,18-25
C01247,Customer 1247,Female,Ibadan,26-35
C01248,Customer 1248,Female,Lagos,18-25
C01249,Customer 1249,Female,Kano,46-60
C01250,Customer 1250,Male,Enugu,26-35
C01251,Customer 1251,Male,Lagos,46-60
C01252,Customer 1252,Female,Kano,46-60
C01253,Customer 1253,Female,Kano,26-35
C01254,Customer 1254,Female,Ibadan,36-45
C01255,Customer 1255,Female,Ibadan,26-35
C01256,Customer 1256,Male,Ibadan,36-45
C01257,Customer 1257,Female,Enugu,26-35
C01258,Customer 1258,Male,Abuja,36-45
C01259,Customer 1259,Female,Enugu,26-35
C01260,Customer 1260,Male,Kano,36-45
C01261,Customer 1261,Male,Port Harcourt,46-60
C01262,Customer 1262,Female,Enugu,36-45
C01263,Customer 1263,Female,Lagos,18-25
C01264,Customer 1264,Male,Ibadan,26-35
C01265,Customer 1265,Male,Enugu,18-25
C01266,Customer 1266,Male,Port Harcourt,26-35
C01267,Customer 1267,Female,Enugu,36-45
C01268,Customer 1268,Male,Lagos,36-45
C01269,Customer 1269,Male,Kano,18-25
C01270,Customer 1270,Female,Ibadan,18-25
C01271,Customer 1271,Male,Enugu,46-60
C01272,Customer 1272,Male,Kano,36-45
C01273,Customer 1273,Male,Ibadan,46-60
C01274,Customer 1274,Female,Enugu,36-45
C01275,Customer 1275,Male,Lagos,36-45
C01276,Customer 1276,Male,Kano,46-60
C01277,Customer 1277,Male,Enugu,36-45
C01278,Customer 1278,Male,Enugu,26-35
C01279,Customer 1279,Female,Ibadan,26-35
C01280,Customer 1280,Male,Abuja,26-35
C01281,Customer 1281,Male,Ibadan,18-25
C01282,Customer 1282,Female,Port Harcourt,36-45
C01283,Customer 1283,Male,Abuja,36-45
C01284,Customer 1284,Male,Port Harcourt,46-60
C01285,Customer 1285,Male,Lagos,26-35
C01286,Customer 1286,Female,Kano,18-25
C01287,Customer 1287,Female,Ibadan,36-45
C01288,Customer 1288,Male,Enugu,36-45
C01289,Customer 1289,Male,Abuja,18-25
C01290,Customer 1290,Male,Ibadan,46-60
C01291,Customer 1291,Male,Port Harcourt,26-35
C01292,Customer 1292,Male,Enugu,36-45
C01293,Customer 1293,Female,Port Harcourt,36-45
C01294,Customer 1294,Male,Kano,46-60
C01295,Customer 1295,Male,Lagos,36-45
C01296,Customer 1296,Female,Abuja,26-35
C01297,Customer 1297,Male,Enugu,36-45
C01298,Customer 1298,Female,Lagos,46-60
C01299,Customer 1299,Female,Kano,36-45
C01300,Customer 1300,Male,Kano,36-45
C01301,Customer 1301,Female,Ibadan,18-25
C01302,Customer 1302,Female,Enugu,26-35
C01303,Customer 1303,Female,Kano,18-25
C01304,Customer 1304,Male,Abuja,18-25
C01305,Customer 1305,Male,Abuja,26-35
C01306,Customer 1306,Female,Lagos,26-35
C01307,Customer 1307,Female,Enugu,18-25
C01308,Customer 1308,Male,Lagos,46-60
C01309,Customer 1309,Female,Lagos,18-25
C01310,Customer 1310,Male,Lagos,26-35
C01311,Customer 1311,Female,Kano,18-25
C01312,Customer 1312,Male,Port Harcourt,46-60
C01313,Customer 1313,Female,Ibadan,46-60
C01314,Customer 1314,Female,Port Harcourt,18-25
C01315,Customer 1315,Female,Enugu,18-25
C01316,Customer 1316,Male,Enugu,18-25
C01317,Customer 1317,Male,Enugu,18-25
C01318,Customer 1318,Female,Kano,18-25
C01319,Customer 1319,Female,Enugu,36-45
C01320,Customer 1320,Male,Port Harcourt,46-60
C01321,Customer 1321,Female,Ibadan,18-25
C01322,Customer 1322,Female,Abuja,26-35
C01323,Customer 1323,Male,Enugu,46-60
C01324,Customer 1324,Female,Enugu,26-35
C01325,Customer 1325,Female,Enugu,36-45
C01326,Customer 1326,Male,Kano,26-35
C01327,Customer 1327,Male,Lagos,18-25
C01328,Customer 1328,Female,Kano,18-25
C01329,Customer 1329,Female,Abuja,36-45
C01330,Customer 1330,Male,Ibadan,26-35
C01331,Customer 1331,Male,Abuja,26-35
C01332,Customer 1332,Female,Abuja,18-25
C01333,Customer 1333,Male,Enugu,18-25
C01334,Customer 1334,Female,Enugu,18-25
C01335,Customer 1335,Female,Enugu,18-25
C01336,Customer 1336,Female,Lagos,26-35
C01337,Customer 1337,Female,Port Harcourt,36-45
C01338,Customer 1338,Male,Enugu,26-35
C01339,Customer 1339,Male,Port Harcourt,18-25
C01340,Customer 1340,Male,Port Harcourt,46-60
C01341,Customer 1341,Female,Port Harcourt,36-45
C01342,Customer 1342,Male,Kano,36-45
C01343,Customer 1343,Female,Ibadan,26-35
C01344,Customer 1344,Male,Port Harcourt,26-35
C01345,Customer 1345,Male,Enugu,46-60
C01346,Customer 1346,Female,Port Harcourt,26-35
C01347,Customer 1347,Female,Ibadan,46-60
C01348,Customer 1348,Female,Port Harcourt,36-45
C01349,Customer 1349,Female,Kano,18-25
C01350,Customer 1350,Male,Enugu,18-25
C01351,Customer 1351,Female,Abuja,26-35
C01352,Customer 1352,Female,Enugu,18-25
C01353,Customer 1353,Male,Lagos,18-25
C01354,Customer 1354,Female,Kano,26-35
C01355,Customer 1355,Male,Kano,36-45
C01356,Customer 1356,Female,Enugu,26-35
C01357,Customer 1357,Female,Ibadan,26-35
C01358,Customer 1358,Female,Abuja,46-60
C01359,Customer 1359,Male,Ibadan,36-45
C01360,Customer 1360,Male,Enugu,26-35
C01361,Customer 1361,Male,Kano,26-35
C01362,Customer 1362,Female,Abuja,26-35
C01363,Customer 1363,Male,Enugu,46-60
C01364,Customer 1364,Female,Lagos,26-35
C01365,Customer 1365,Female,Abuja,18-25
C01366,Customer 1366,Female,Port Harcourt,26-35
C01367,Customer 1367,Male,Enugu,26-35
C01368,Customer 1368,Female,Ibadan,46-60
C01369,Customer 1369,Female,Lagos,18-25
C01370,Customer 1370,Female,Lagos,36-45
C01371,Customer 1371,Female,Kano,26-35
C01372,Customer 1372,Female,Enugu,46-60
C01373,Customer 1373,Female,Kano,18-25
C01374,Customer 1374,Female,Ibadan,26-35
C01375,Customer 1375,Female,Port Harcourt,36-45
C01376,Customer 1376,Female,Ibadan,18-25
C01377,Customer 1377,Male,Ibadan,26-35
C01378,Customer 1378,Male,Lagos,36-45
C01379,Customer 1379,Male,Abuja,26-35
C01380,Customer 1380,Male,Port Harcourt,18-25
C01381,Customer 1381,Male,Ibadan,36-45
C01382,Customer 1382,Male,Ibadan,46-60
C01383,Customer 1383,Female,Abuja,26-35
C01384,Customer 1384,Female,Lagos,26-35
C01385,Customer 1385,Male,Abuja,26-35
C01386,Customer 1386,Male,Enugu,18-25
C01387,Customer 1387,Male,Lagos,26-35
C01388,Customer 1388,Female,Abuja,46-60
C01389,Customer 1389,Male,Enugu,36-45
C01390,Customer 1390,Male,Abuja,46-60
C01391,Customer 1391,Female,Ibadan,26-35
C01392,Customer 1392,Male,Ibadan,26-35
C01393,Customer 1393,Male,Kano,36-45
C01394,Customer 1394,Male,Enugu,36-45
C01395,Customer 1395,Female,Kano,18-25
C01396,Customer 1396,Male,Ibadan,46-60
C01397,Customer 1397,Male,Lagos,18-25
C01398,Customer 1398,Male,Kano,46-60
C01399,Customer 1399,Male,Kano,18-25
C01400,Customer 1400,Male,Ibadan,18-25
C01401,Customer 1401,Male,Lagos,46-60
C01402,Customer 1402,Male,Kano,18-25
C01403,Customer 1403,Female,Kano,46-60
C01404,Customer 1404,Female,Lagos,46-60
C01405,Customer 1405,Male,Ibadan,46-60
C01406,Customer 1406,Female,Kano,18-25
C01407,Customer 1407,Female,Abuja,36-45
C01408,Customer 1408,Female,Abuja,18-25
C01409,Customer 1409,Female,Kano,46-60
C01410,Customer 1410,Female,Abuja,18-25
C01411,Customer 1411,Male,Kano,18-25
C01412,Customer 1412,Male,Ibadan,26-35
C01413,Customer 1413,Female,Ibadan,36-45
C01414,Customer 1414,Male,Abuja,46-60
C01415,Customer 1415,Female,Port Harcourt,46-60
C01416,Customer 1416,Female,Kano,36-45
C01417,Customer 1417,Female,Abuja,46-60
C01418,Customer 1418,Female,Abuja,36-45
C01419,Customer 1419,Female,Port Harcourt,36-45
C01420,Customer 1420,Female,Enugu,46-60
C01421,Customer 1421,Male,Enugu,18-25
C01422,Customer 1422,Male,Ibadan,26-35
C01423,Customer 1423,Male,Abuja,46-60
C01424,Customer 1424,Female,Kano,18-25
C01425,Customer 1425,Male,Ibadan,18-25
C01426,Customer 1426,Male,Abuja,46-60
C01427,Customer 1427,Female,Lagos,18-25
C01428,Customer 1428,Female,Abuja,36-45
C01429,Customer 1429,Male,Kano,18-25
C01430,Customer 1430,Female,Ibadan,36-45
C01431,Customer 1431,Male,Abuja,46-60
C01432,Customer 1432,Female,Lagos,26-35
C01433,Customer 1433,Female,Abuja,18-25
C01434,Customer 1434,Male,Kano,26-35
C01435,Customer 1435,Male,Port Harcourt,26-35
C01436,Customer 1436,Male,Abuja,18-25
C01437,Customer 1437,Female,Ibadan,36-45
C01438,Customer 1438,Female,Ibadan,26-35
C01439,Customer 1439,Male,Enugu,18-25
C01440,Customer 1440,Male,Kano,36-45
C01441,Customer 1441,Female,Port Harcourt,36-45
C01442,Customer 1442,Male,Kano,26-35
C01443,Customer 1443,Female,Ibadan,18-25
C01444,Customer 1444,Female,Abuja,46-60
C01445,Customer 1445,Male,Kano,18-25
C01446,Customer 1446,Female,Port Harcourt,18-25
C01447,Customer 1447,Female,Kano,36-45
C01448,Customer 1448,Female,Ibadan,46-60
C01449,Customer 1449,Male,Port Harcourt,46-60
C01450,Customer 1450,Female,Kano,18-25
C01451,Customer 1451,Female,Lagos,36-45
C01452,Customer 1452,Male,Ibadan,26-35
C01453,Customer 1453,Male,Port Harcourt,46-60
C01454,Customer 1454,Female,Kano,18-25
C01455,Customer 1455,Female,Abuja,36-45
C01456,Customer 1456,Male,Ibadan,36-45
C01457,Customer 1457,Male,Kano,26-35
C01458,Customer 1458,Female,Port Harcourt,36-45
C01459,Customer 1459,Male,Kano,36-45
C01460,Customer 1460,Male,Enugu,26-35
C01461,Customer 1461,Female,Enugu,26-35
C01462,Customer 1462,Male,Enugu,26-35
C01463,Customer 1463,Female,Abuja,26-35
C01464,Customer 1464,Male,Abuja,36-45
C01465,Customer 1465,Male,Lagos,18-25
C01466,Customer 1466,Male,Enugu,46-60
C01467,Customer 1467,Male,Kano,18-25
C01468,Customer 1468,Female,Port Harcourt,36-45
C01469,Customer 1469,Female,Kano,36-45
C01470,Customer 1470,Female,Abuja,36-45
C01471,Customer 1471,Female,Abuja,26-35
C01472,Customer 1472,Male,Kano,46-60
C01473,Customer 1473,Female,Kano,18-25
C01474,Customer 1474,Female,Ibadan,26-35
C01475,Customer 1475,Female,Lagos,46-60
C01476,Customer 1476,Female,Enugu,18-25
C01477,Customer 1477,Male,Enugu,26-35
C01478,Customer 1478,Female,Kano,18-25
C01479,Customer 1479,Female,Port Harcourt,36-45
C01480,Customer 1480,Male,Kano,36-45
C01481,Customer 1481,Male,Port Harcourt,46-60
C01482,Customer 1482,Female,Port Harcourt,26-35
C01483,Customer 1483,Female,Ibadan,26-35
C01484,Customer 1484,Female,Enugu,36-45
C01485,Customer 1485,Female,Ibadan,36-45
C01486,Customer 1486,Female,Abuja,26-35
C01487,Customer 1487,Male,Lagos,36-45
C01488,Customer 1488,Male,Kano,46-60
C01489,Customer 1489,Female,Abuja,26-35
C01490,Customer 1490,Male,Ibadan,18-25
C01491,Customer 1491,Male,Ibadan,46-60
C01492,Customer 1492,Male,Enugu,36-45
C01493,Customer 1493,Female,Port Harcourt,36-45
C01494,Customer 1494,Male,Ibadan,18-25
C01495,Customer 1495,Male,Lagos,26-35
C01496,Customer 1496,Female,Ibadan,18-25
C01497,Customer 1497,Female,Enugu,36-45
C01498,Customer 1498,Female,Port Harcourt,36-45
C01499,Customer 1499,Female,Port Harcourt,18-25
C01500,Customer 1500,Female,Lagos,36-45
